﻿<parameters>
  <parameter name="IIS Web Application Name" defaultValue="Default Web Site/website_deploy" tags="IisApp">
    <parameterEntry kind="ProviderPath" scope="IisApp" match="^E:\\Users\\THANHTRUNG\\AppData\\Local\\Temp\\WebSitePublish\\PMAC--1043535592\\obj\\Debug\\Package\\PackageTmp$" />
    <parameterEntry kind="ProviderPath" scope="setAcl" match="^E:\\Users\\THANHTRUNG\\AppData\\Local\\Temp\\WebSitePublish\\PMAC--1043535592\\obj\\Debug\\Package\\PackageTmp$" />
  </parameter>
  <parameter name="DbConnectionString-Web.config Connection String" defaultValue="Data Source=thanhtrung-pc;Initial Catalog=CHOLONWSC;Integrated Security=True">
    <parameterEntry kind="XmlFile" scope="E:\\Users\\THANHTRUNG\\AppData\\Local\\Temp\\WebSitePublish\\PMAC--1043535592\\obj\\Debug\\Package\\PackageTmp\\web\.config$" match="/configuration/connectionStrings/add[@name='DbConnectionString']/@connectionString" />
  </parameter>
  <parameter name="DBEntities-Web.config Connection String" defaultValue="metadata=res://*/App_Code.DBModel.csdl|res://*/App_Code.DBModel.ssdl|res://*/App_Code.DBModel.msl;provider=System.Data.SqlClient;provider connection string=&quot;data source=thanhtrung-pc\WINCCFLEXEXPRESS;initial catalog=CHOLONWSJC;integrated security=True;MultipleActiveResultSets=True;App=EntityFramework&quot;">
    <parameterEntry kind="XmlFile" scope="E:\\Users\\THANHTRUNG\\AppData\\Local\\Temp\\WebSitePublish\\PMAC--1043535592\\obj\\Debug\\Package\\PackageTmp\\web\.config$" match="/configuration/connectionStrings/add[@name='DBEntities']/@connectionString" />
  </parameter>
</parameters>