﻿<parameters>
  <parameter name="IIS Web Application Name" defaultValue="Default Web Site/website_deploy" tags="IisApp">
    <parameterEntry kind="ProviderPath" scope="IisApp" match="^C:\\Users\\TRUNG\\AppData\\Local\\Temp\\WebSitePublish\\PMAC--408164487\\obj\\Debug\\Package\\PackageTmp$" />
    <parameterEntry kind="ProviderPath" scope="setAcl" match="^C:\\Users\\TRUNG\\AppData\\Local\\Temp\\WebSitePublish\\PMAC--408164487\\obj\\Debug\\Package\\PackageTmp$" />
  </parameter>
  <parameter name="Add write permission to App_Data Folder" description="Add write permission to App_Data folder" defaultValue="{IIS Web Application Name}/App_Data" tags="Hidden">
    <parameterEntry kind="ProviderPath" scope="setAcl" match="^C:\\Users\\TRUNG\\AppData\\Local\\Temp\\WebSitePublish\\PMAC--408164487\\obj\\Debug\\Package\\PackageTmp\\App_Data$" />
  </parameter>
  <parameter name="DbConnectionString-Web.config Connection String" defaultValue="Data Source=trung-pc;Initial Catalog=CHOLONWSJC;Integrated Security=True">
    <parameterEntry kind="XmlFile" scope="C:\\Users\\TRUNG\\AppData\\Local\\Temp\\WebSitePublish\\PMAC--408164487\\obj\\Debug\\Package\\PackageTmp\\web\.config$" match="/configuration/connectionStrings/add[@name='DbConnectionString']/@connectionString" />
  </parameter>
  <parameter name="DBEntities-Web.config Connection String" defaultValue="metadata=res://*/App_Code.DBModel.csdl|res://*/App_Code.DBModel.ssdl|res://*/App_Code.DBModel.msl;provider=System.Data.SqlClient;provider connection string=&quot;data source=trung-pc;initial catalog=CHOLONWSJC;integrated security=True;MultipleActiveResultSets=True;App=EntityFramework&quot;">
    <parameterEntry kind="XmlFile" scope="C:\\Users\\TRUNG\\AppData\\Local\\Temp\\WebSitePublish\\PMAC--408164487\\obj\\Debug\\Package\\PackageTmp\\web\.config$" match="/configuration/connectionStrings/add[@name='DBEntities']/@connectionString" />
  </parameter>
</parameters>